{"cameraMode":{"drawMode":0,"name":"Shaded","section":"Shading Mode"},"sceneLighting":true,"audioPlay":false,"sceneViewState":{"showFog":true,"showMaterialUpdate":false,"showSkybox":true,"showFlares":true,"showImageEffects":true,"showParticleSystems":true,"showVisualEffectGraphs":true,"m_FxEnabled":true},"in2DMode":false,"pivot":{"x":-2.527070999145508,"y":-0.9929533004760742,"z":-4.916664123535156},"rotation":{"x":0.14425629377365113,"y":-0.04303125664591789,"z":0.0062734209932386879,"w":0.9885921478271484},"size":3.817301034927368,"orthographic":false}